w	in
i	und
być	sein
się	sich
z	aus
na	auf
nie	nicht
on	er
to	das
do	zu
że	dass
ten	dieser
który	welcher
mieć	haben
o	über
jak	wie
po	nach
co	was
ale	aber
od	von
rok	Jahr
za	für
móc	können
przez	durch
tak	so
by	würde
już	schon
ja	ich
swój	sein
dla	für
tylko	nur
taki	solcher
czy	ob
bardzo	sehr
jeden	eins
czas	Zeit
sam	selbst
inny	anderer
też	auch
jednak	jedoch
bo	weil
chcieć	wollen
mówić	sprechen
przed	vor
jeszcze	noch
człowiek	Mensch
zostać	werden
raz	Mal
nawet	sogar
my	wir
pierwszy	erste
wszystko	alles
musieć	müssen
pod	unter
cały	ganz
przy	bei
dwa	zwei
wiedzieć	wissen
gdy	wenn
życie	Leben
miejsce	Ort
dzień	Tag
oraz	sowie
nowy	neu
nasz	unser
duży	groß
każdy	jeder
więc	also
mój	mein
dobry	gut
można	können
drugi	zweite
jaki	welcher
kiedy	wann
jako	als
stać	stehen
także	auch
wszystek	alle
powiedzieć	sagen
wiele	viel
bez	ohne
kilka	einige
strona	Seite
coś	etwas
sprawa	Sache
dobrze	gut
jeśli	wenn
koniec	Ende
nic	nichts
żeby	damit
praca	Arbeit
osoba	Person
teraz	jetzt
niż	als
jakiś	irgendein
tam	dort
świat	Welt
nad	über
polski	polnisch
tu	hier
gdzie	wo
dom	Haus
kolejny	nächste
Polska	Polen
zacząć	beginnen
lub	oder
zrobić	machen
sposób	Weise
właśnie	gerade
dziecko	Kind
wielki	groß
również	ebenfalls
chwila	Augenblick
znaleźć	finden
ostatni	letzte
może	vielleicht
ty	du
robić	machen
dać	geben
widzieć	sehen
kto	wer
żaden	kein
wtedy	dann
trzeba	müssen
u	bei
powinien	sollen
dużo	viel
albo	oder
potem	danach
słowo	Wort
mały	klein
choć	obwohl
ważny	wichtig
zawsze	immer
oko	Auge
ręka	Hand
głowa	Kopf
własny	eigen
ktoś	jemand
prowadzić	führen
chodzić	gehen
trzy	drei
miasto	Stadt
droga	Weg
mało	wenig
dlatego	deshalb
część	Teil
często	oft
rzecz	Ding
pan	Herr
stary	alt
aby	damit
kobieta	Frau
przecież	doch
sytuacja	Situation
należeć	gehören
między	zwischen
nikt	niemand
stan	Stand
godzina	Stunde
późno	spät
czyli	beziehungsweise
prawo	Recht
myśleć	denken
problem	Problem
wysoki	hoch
wcześnie	früh
podczas	während
prosty	einfach
młody	jung
wydawać	ausgeben
aż	bis
nigdy	nie
ani	weder
tyle	soviel
dziś	heute
iść	gehen
złoty	golden
uwaga	Aufmerksamkeit
gdyby	falls
kraj	Land
tysiąc	Tausend
przypadek	Fall
pisać	schreiben
początek	Anfang
pewien	gewiss
dopiero	erst
rodzina	Familie
historia	Geschichte
daleko	weit
różny	verschieden
szybko	schnell
czuć	fühlen
poza	außer
jakby	als ob
czekać	warten
znać	kennen
żyć	leben
środek	Mitte
wszyscy	alle
zmiana	Änderung
ulica	Straße
mężczyzna	Mann
temat	Thema
dzięki	dank
głos	Stimme
wiek	Alter
cel	Ziel
chyba	wohl
siła	Kraft
wyglądać	aussehen
udać	gelingen
pracować	arbeiten
powód	Grund
pomoc	Hilfe
coraz	zunehmend
moment	Augenblick
zły	schlecht
miesiąc	Monat
oczywiście	natürlich
państwo	Staat
pytanie	Frage
okazać	erweisen
dawać	geben
działać	handeln
wziąć	nehmen
wyjść	hinausgehen
prawda	Wahrheit
przykład	Beispiel
związek	Verbindung
dotyczyć	betreffen
więcej	mehr
mimo	trotz
ponad	über
naprawdę	wirklich
długi	lang
dlaczego	warum
uważać	achten
zobaczyć	sehen
władza	Macht
grupa	Gruppe
pani	Frau
wciąż	weiterhin
wrócić	zurückkehren
myśl	Gedanke
pamiętać	erinnern
ojciec	Vater
rozmowa	Gespräch
próbować	versuchen
oba	beide
pojawić	erscheinen
zdanie	Satz
trochę	etwas
bliski	nah
znajdować	finden
ile	wie viel
zmienić	ändern
no	na
istnieć	existieren
książka	Buch
pełny	voll
pójść	gehen
śmierć	Tod
pieniądz	Geld
przyjść	kommen
lecz	sondern
niektóry	mancher
tydzień	Woche
spotkanie	Treffen
potrafić	können
ruch	Bewegung
informacja	Information
możliwość	Möglichkeit
brać	nehmen
długo	lange
główny	hauptsächlich
punkt	Punkt
wśród	unter
twarz	Gesicht
szkoła	Schule
trudno	schwer
szukać	suchen
trwać	dauern
Warszawa	Warschau
matka	Mutter
zaczynać	beginnen
większość	Mehrheit
jedynie	lediglich
jedyny	einzig
wejść	eintreten
liczyć	zählen
społeczny	sozial
decyzja	Entscheidung
rozumieć	verstehen
dojść	gelangen
dostać	bekommen
wojna	Krieg
prawie	fast
raczej	eher
udział	Anteil
podobny	ähnlich
ciało	Körper
zasada	Regel
brak	Mangel
woda	Wasser
temu	vor
uznać	anerkennen
około	etwa
prosić	bitten
przyjąć	annehmen
wobec	gegenüber
stanowić	bilden
działanie	Handlung
zupełnie	völlig
rząd	Regierung
firma	Firma
ziemia	Erde
mieszkaniec	Einwohner
zbyt	zu
wzgląd	Rücksicht
siedzieć	sitzen
cztery	vier
ogół	Gesamtheit
samochód	Auto
bowiem	denn
według	laut
prawdziwy	echt
zajmować	beschäftigen
rada	Rat
noc	Nacht
kiedyś	einst
wydać	ausgeben
czytać	lesen
rola	Rolle
napisać	schreiben
nadzieja	Hoffnung
trzeci	dritte
tworzyć	bilden
natomiast	hingegen
drzwi	Tür
dość	genug
bóg	Gott
fakt	Tatsache
związany	verbunden
oznaczać	bedeuten
plan	Plan
wynik	Ergebnis
numer	Nummer
wspólny	gemeinsam
wynikać	ergeben
obok	neben
ponieważ	weil
polityczny	politisch
potrzeba	Bedürfnis
góra	Berg
granica	Grenze
patrzeć	schauen
trafić	treffen
otworzyć	öffnen
postać	Gestalt
daleki	fern
stawać	werden
opowiadać	erzählen
okazja	Gelegenheit
system	System
inaczej	anders
przypominać	erinnern
milion	Million
język	Sprache
przejść	übergehen
słyszeć	hören
razem	zusammen
wybrać	wählen
tutaj	hier
piękny	schön
zresztą	übrigens
serce	Herz
znany	bekannt
mieszkać	wohnen
procent	Prozent
pomóc	helfen
święty	heilig
lubić	mögen
przygotować	vorbereiten
czarny	schwarz
odpowiedź	Antwort
projekt	Projekt
pięć	fünf
rodzaj	Art
biały	weiß
niemal	fast
wrażenie	Eindruck
dziać	geschehen
widać	sichtbar
forma	Form
podobnie	ähnlich
spotkać	treffen
szansa	Chance
pytać	fragen
zająć	einnehmen
połowa	Hälfte
walka	Kampf
niestety	leider
jednocześnie	gleichzeitig
kultura	Kultur
pewno	gewiss
okres	Zeitraum
najpierw	zunächst
pozwolić	erlauben
leżeć	liegen
powstać	entstehen
rozmawiać	sprechen
trudny	schwer
wreszcie	endlich
pokazać	zeigen
zaś	hingegen
wracać	zurückkehren
publiczny	öffentlich
starać	bemühen
rozpocząć	beginnen
szczęście	Glück
pomysł	Idee
kolej	Bahn
wraz	samt
pokój	Zimmer
ciekawy	interessant
program	Programm
trzymać	halten
skończyć	beenden
zwłaszcza	insbesondere
wpływ	Einfluss
teren	Gelände
rodzic	Elternteil
dawny	ehemalig
zapytać	fragen
twój	dein
pozwalać	erlauben
Europa	Europa
podjąć	unternehmen
mocno	stark
nazywać	nennen
podstawa	Grundlage
Polak	Pole
grać	spielen
zatrzymać	anhalten
wierzyć	glauben
rynek	Markt
poznać	kennenlernen
żona	Ehefrau
wszelki	jeglich
możliwy	möglich
tłumaczyć	erklären
obraz	Bild
wiadomo	bekannt
usłyszeć	hören
nadal	weiterhin
zauważyć	bemerken
liczba	Zahl
pojawiać	erscheinen
przyznać	zugeben
otrzymać	erhalten
zamiast	statt
kierunek	Richtung
poziom	Niveau
kwestia	Frage
nagle	plötzlich
wartość	Wert
nieco	etwas
powrót	Rückkehr
stworzyć	schaffen
mieszkanie	Wohnung
zdjęcie	Foto
zakończyć	beenden
pora	Zeit
zrozumieć	verstehen
blisko	nahe
imię	Vorname
tamten	jener
wskazywać	weisen
wolny	frei
film	Film
warto	lohnenswert
odpowiadać	antworten
sąd	Gericht
znaczenie	Bedeutung
kościół	Kirche
pewnie	wahrscheinlich
zespół	Team
wychodzić	hinausgehen
złożyć	legen
wystarczyć	reichen
ciąg	Folge
zarówno	sowohl
krok	Schritt
bać	fürchten
postanowić	beschließen
akcja	Aktion
światło	Licht
noga	Bein
wprowadzić	einführen
ogromny	riesig
minuta	Minute
chociaż	obwohl
autor	Autor
zmieniać	ändern
polityka	Politik
dodać	hinzufügen
zamknąć	schließen
prezydent	Präsident
wymagać	erfordern
pracownik	Mitarbeiter
skoro	da
stracić	verlieren
centrum	Zentrum
odpowiedzieć	antworten
łatwo	leicht
sens	Sinn
wówczas	damals
wypadek	Unfall
znaczyć	bedeuten
policja	Polizei
zgodnie	entsprechend
dzisiaj	heute
wykonać	ausführen
badanie	Untersuchung
cena	Preis
potrzebować	brauchen
wniosek	Schluss
jechać	fahren
cieszyć	freuen
pokazywać	zeigen
znów	wieder
pewność	Sicherheit
proces	Prozess
europejski	europäisch
wchodzić	eintreten
obecny	gegenwärtig
stopień	Grad
rozwój	Entwicklung
dziewczyna	Mädchen
jasny	hell
stwierdzić	feststellen
próba	Versuch
przynajmniej	mindestens
syn	Sohn
wokół	um
silny	stark
traktować	behandeln
tym	desto
efekt	Effekt
korzystać	nutzen
pozycja	Position
źle	schlecht
szczególnie	besonders
zdawać	ablegen
następny	folgend
członek	Mitglied
kupić	kaufen
sztuka	Kunst
wydarzenie	Ereignis
stanąć	stehen
wy	ihr
krótki	kurz
miłość	Liebe
wcale	gar
relacja	Beziehung
rzeczywistość	Wirklichkeit
pomyśleć	denken
gra	Spiel
walczyć	kämpfen
dowiedzieć	erfahren
zaraz	sofort
pozostawać	bleiben
ludzki	menschlich
twierdzić	behaupten
odbyć	stattfinden
kontakt	Kontakt
narodowy	national
budynek	Gebäude
zadanie	Aufgabe
mąż	Ehemann
ściana	Wand
zatem	somit
doświadczenie	Erfahrung
składać	legen
jeżeli	wenn
okno	Fenster
niski	niedrig
dłoń	Handfläche
kończyć	beenden
kierować	leiten
pół	halb
element	Element
pozostać	bleiben
dokładnie	genau
obecnie	derzeit
koszt	Kosten
czerwony	rot
wieczór	Abend
artykuł	Artikel
słuchać	hören
dziwny	seltsam
zabrać	mitnehmen
głównie	hauptsächlich
szpital	Krankenhaus
zanim	bevor
zwrócić	zurückgeben
używać	benutzen
zdobyć	gewinnen
dodawać	hinzufügen
miejski	städtisch
charakter	Charakter
kolega	Kollege
telefon	Telefon
wolność	Freiheit
obowiązek	Pflicht
pamięć	Gedächtnis
zachować	bewahren
postawić	stellen
posiadać	besitzen
działalność	Tätigkeit
sprawdzić	prüfen
przyjaciel	Freund
organizacja	Organisation
właściwie	eigentlich
szef	Chef
przestać	aufhören
tymczasem	inzwischen
oddać	zurückgeben
ustawa	Gesetz
wyraźnie	deutlich
wykorzystać	nutzen
tytuł	Titel
dotrzeć	erreichen
zdrowie	Gesundheit
przypomnieć	erinnern
poważny	ernst
oglądać	anschauen
przeprowadzić	durchführen
los	Schicksal
typ	Typ
łączyć	verbinden
gotowy	bereit
tekst	Text
środowisko	Umwelt
niewiele	wenig
podać	reichen
przyszłość	Zukunft
spojrzeć	blicken
potrzebny	nötig
specjalny	speziell
zdecydować	entscheiden
przychodzić	kommen
metr	Meter
źródło	Quelle
rosnąć	wachsen
pewny	sicher
lekarz	Arzt
poczuć	fühlen
uczyć	lehren
wybór	Auswahl
budować	bauen
niech	soll
służyć	dienen
budowa	Bau
wyłącznie	ausschließlich
przestrzeń	Raum
odpowiedni	entsprechend
brat	Bruder
urząd	Amt
zastanawiać	nachdenken
brakować	fehlen
służba	Dienst
usta	Mund
kochać	lieben
stanowisko	Stelle
choćby	auch nur
znacznie	wesentlich
pomagać	helfen
ciężki	schwer
przedstawić	vorstellen
przyjechać	ankommen
dokument	Dokument
niemiecki	deutsch
rozwiązanie	Lösung
wykonywać	ausführen
skąd	woher
zależeć	abhängen
córka	Tochter
ruszyć	losgehen
bezpieczeństwo	Sicherheit
wiedza	Wissen
ramię	Schulter
stosować	anwenden
rano	Morgen
krew	Blut
uzyskać	erhalten
nazwa	Name
wspominać	erwähnen
gdzieś	irgendwo
następnie	anschließend
nauka	Wissenschaft
pochodzić	stammen
dyrektor	Direktor
znak	Zeichen
gość	Gast
materiał	Material
pozostały	übrig
zapomnieć	vergessen
znowu	wieder
poczucie	Gefühl
scena	Szene
ustalić	festlegen
minister	Minister
dokonać	vollbringen
opinia	Meinung
stawiać	stellen
sukces	Erfolg
polegać	beruhen
porządek	Ordnung
powietrze	Luft
przekazać	übergeben
podstawowy	grundlegend
ofiara	Opfer
tuż	knapp
duch	Geist
stół	Tisch
były	ehemalig
wręcz	geradezu
gazeta	Zeitung
skutek	Folge
podkreślać	betonen
właściciel	Eigentümer
rzeczywiście	tatsächlich
linia	Linie
prezes	Vorsitzende
zwykle	gewöhnlich
medium	Medium
choroba	Krankheit
założyć	gründen
niewielki	gering
szeroki	breit
partia	Partei
kilkanaście	zehn- bis neunzehn
rzucić	werfen
planować	planen
przynieść	bringen
wskazać	weisen
wysokość	Höhe
racja	Recht
pole	Feld
list	Brief
klasa	Klasse
iż	dass
pomiędzy	zwischen
bywać	sein
amerykański	amerikanisch
kilometr	Kilometer
umowa	Vertrag
mama	Mama
przepis	Vorschrift
społeczeństwo	Gesellschaft
wątpliwość	Zweifel
poprzedni	vorherig
nazwisko	Nachname
stąd	daher
udawać	vortäuschen
istotny	wesentlich
wzrok	Blick
bohater	Held
rodzinny	familiär
profesor	Professor
moc	Macht
światowy	weltweit
zwracać	zurückgeben
wrzesień	September
reszta	Rest
ku	zu
ksiądz	Priester
pojęcie	Begriff
otwarty	offen
zostawić	lassen
dochodzić	gelangen
gmina	Gemeinde
przyczyna	Ursache
prywatny	privat
przyjmować	annehmen
sklep	Laden
szybki	schnell
całkiem	ganz
zwykły	gewöhnlich
finansowy	finanziell
wewnętrzny	inner
koło	Kreis
spać	schlafen
palec	Finger
głęboki	tief
nosić	tragen
warszawski	Warschauer
kontrola	Kontrolle
okolica	Umgebung
okazywać	erweisen
wspomnieć	erwähnen
dawno	längst
budzić	wecken
doprowadzić	führen
opowieść	Erzählung
sprawiać	bereiten
ślad	Spur
grudzień	Dezember
oprócz	außer
pojechać	fahren
zakładać	gründen
świadomość	Bewusstsein
ochrona	Schutz
gdyż	denn
obcy	fremd
znajomy	Bekannte
dodatek	Zusatz
odbywać	stattfinden
natychmiast	sofort
przedstawiciel	Vertreter
maj	Mai
obserwować	beobachten
mowa	Rede
wykorzystywać	nutzen
funkcjonować	funktionieren
osiągnąć	erreichen
spokój	Ruhe
dodatkowy	zusätzlich
włos	Haar
towarzyszyć	begleiten
sądzić	meinen
powtarzać	wiederholen
zakres	Bereich
podawać	reichen
występować	auftreten
zapewnić	sichern
dowód	Beweis
emocja	Emotion
wysoko	hoch
zorganizować	organisieren
lokalny	lokal
klub	Klub
oprzeć	stützen
współpraca	Zusammenarbeit
jakoś	irgendwie
podnieść	heben
perspektywa	Perspektive
zostawać	bleiben
błąd	Fehler
dzieło	Werk
styczeń	Januar
płacić	bezahlen
trakt	Weg
objąć	umfassen
spółka	Gesellschaft
utrzymać	halten
jeść	essen
czynić	tun
spodziewać	erwarten
miara	Maß
jakikolwiek	irgendein
widok	Ansicht
zabić	töten
pozbawić	berauben
nazwać	nennen
zapewne	vermutlich
przedstawiać	darstellen
opuścić	verlassen
instytucja	Einrichtung
ostatnio	zuletzt
sala	Saal
podejmować	unternehmen
woleć	vorziehen
sześć	sechs
marzec	März
urodzić	gebären
otwierać	öffnen
informować	informieren
wyjaśnić	erklären
wersja	Version
zielony	grün
ów	jener
powoli	langsam
polityk	Politiker
ciągle	ständig
lista	Liste
przeciwko	gegen
obecność	Anwesenheit
muzyka	Musik
przedmiot	Gegenstand
stosunek	Verhältnis
zwierzę	Tier
określić	bestimmen
czerwiec	Juni
spotykać	treffen
wiara	Glaube
drzewo	Baum
zdążyć	schaffen
chłopiec	Junge
równie	ebenso
funkcja	Funktion
wpaść	hereinfallen
dzielić	teilen
łóżko	Bett
zapewniać	sichern
parę	paar
sierpień	August
zniknąć	verschwinden
pić	trinken
współczesny	gegenwärtig
podpisać	unterschreiben
międzynarodowy	international
dziesięć	zehn
przyszły	zukünftig
zdarzać	geschehen
zamierzać	beabsichtigen
odejść	weggehen
wygrać	gewinnen
jednostka	Einheit
poprzez	durch
organizować	organisieren
wiadomość	Nachricht
mocny	stark
naturalny	natürlich
termin	Termin
różnica	Unterschied
stały	ständig
zawierać	enthalten
zwać	nennen
para	Paar
wybierać	wählen
prawdopodobnie	wahrscheinlich
całość	Ganzes
gospodarczy	wirtschaftlich
ból	Schmerz
szczególny	besondere
poświęcić	widmen
kwiecień	April
auto	Auto
interes	Geschäft
policjant	Polizist
zebrać	sammeln
wczesny	früh
pies	Hund
wynosić	betragen
chłopak	Junge
czoło	Stirn
kierowca	Fahrer
przenieść	übertragen
wspierać	unterstützen
Kraków	Krakau
chętnie	gerne
umieć	können
październik	Oktober
jeździć	fahren
sieć	Netz
spowodować	verursachen
poszukiwać	suchen
przekonanie	Überzeugung
wyciągnąć	herausziehen
zgodzić	einigen
siostra	Schwester
ogłosić	ankündigen
klient	Kunde
akurat	gerade
przekonać	überzeugen
komisja	Kommission
kazać	heißen
konkretny	konkret
państwowy	staatlich
praktyka	Praxis
zachowanie	Verhalten
zbierać	sammeln
słaby	schwach
lipiec	Juli
inwestycja	Investition
zakład	Betrieb
właściwy	eigentlich
patrzyć	schauen
ostatecznie	schließlich
przechodzić	übergehen
wzrost	Wachstum
ukryć	verbergen
niebo	Himmel
listopad	November
chory	krank
przeżyć	erleben
oczekiwać	erwarten
opowiedzieć	erzählen
zbudować	bauen
brzmieć	klingen
tracić	verlieren
styl	Stil
kolor	Farbe
Niemcy	Deutschland
plac	Platz
odebrać	abholen
panować	herrschen
